{"cameraMode":{"drawMode":0,"name":"Shaded","section":"Shading Mode"},"sceneLighting":true,"audioPlay":false,"sceneViewState":{"showFog":true,"showMaterialUpdate":false,"showSkybox":true,"showFlares":true,"showImageEffects":true,"showParticleSystems":true},"in2DMode":false,"pivot":{"x":-2.487744092941284,"y":19.574695587158204,"z":-18.011598587036134},"rotation":{"x":-0.5367625951766968,"y":-0.32448291778564455,"z":0.23451021313667298,"w":-0.7427029609680176},"size":84.27996826171875,"orthographic":false}